"Outcome","Moderator","Moderator_Display","Level","n_effects","n_studies","B_Coefficient","Estimate_lnRR","Estimate_Percent","SE","CI_Lower","CI_Upper","Z_value","P_Value","Omnibus_QM","Omnibus_P","Model"
"TY","GMM","Mulch material","biodegradable film",262,37,0.025,0.025,2.53,0.0668,-0.1058,0.1558,0.3745,0.708,11.9067,0.0181,"Nested (Outliers Removed)"
"TY","GMM","Mulch material","organic",69,8,0.1527,0.1527,16.49,0.0548,0.0453,0.26,2.7872,0.0053,11.9067,0.0181,"Nested (Outliers Removed)"
"TY","GMM","Mulch material","polyethylene",8,1,0.1232,0.1232,13.11,0.0391,0.0466,0.1997,3.1537,0.0016,11.9067,0.0181,"Nested (Outliers Removed)"
"TY","GMM","Mulch material","sand",34,7,0.0621,0.0621,6.4,0.1184,-0.1699,0.2941,0.5245,0.5999,11.9067,0.0181,"Nested (Outliers Removed)"
"TY","GMC","Mulch color","Black",39,7,0.1322,0.1322,14.14,0.0408,0.0522,0.2122,3.2396,0.0012,12.5761,0.0277,"Nested (Outliers Removed)"
"TY","GMC","Mulch color","Red",92,10,0.2213,0.2213,24.77,0.1508,-0.0743,0.5169,1.4674,0.1423,12.5761,0.0277,"Nested (Outliers Removed)"
"TY","GMC","Mulch color","Silver",191,31,0.2823,0.2823,32.61,0.212,-0.1334,0.6979,1.3311,0.1832,12.5761,0.0277,"Nested (Outliers Removed)"
"TY","GMC","Mulch color","Transparent",2,2,0.0794,0.0794,8.26,0.0576,-0.0335,0.1922,1.3777,0.1683,12.5761,0.0277,"Nested (Outliers Removed)"
"TY","GMC","Mulch color","White",1,1,0.1057,0.1057,11.14,0.0635,-0.0189,0.2302,1.6632,0.0963,12.5761,0.0277,"Nested (Outliers Removed)"
"TY","Gem","Emitter flow rate","<2",138,15,0.1322,0.1322,14.13,0.0651,0.0046,0.2598,2.0303,0.0423,12.5411,0.0019,"Nested (Outliers Removed)"
"TY","Gem","Emitter flow rate","2–4",74,9,0.1818,0.1818,19.94,0.0532,0.0776,0.286,3.4198,6e-04,12.5411,0.0019,"Nested (Outliers Removed)"
"TY","Arragement","Arragement","subsurface",328,40,0.1428,0.1428,15.35,0.068,0.0095,0.2761,2.0995,0.0358,8.6121,0.0135,"Nested (Outliers Removed)"
"TY","Arragement","Arragement","surface",47,6,0.1027,0.1027,10.81,0.0384,0.0274,0.178,2.6721,0.0075,8.6121,0.0135,"Nested (Outliers Removed)"
"TY","GST","Soil texture","coarse soils",121,14,0.1738,0.1738,18.98,0.0616,0.0531,0.2945,2.8214,0.0048,10.7972,0.0129,"Nested (Outliers Removed)"
"TY","GST","Soil texture","fine soils",166,15,0.0711,0.0711,7.37,0.0811,-0.0878,0.23,0.877,0.3805,10.7972,0.0129,"Nested (Outliers Removed)"
"TY","GST","Soil texture","medium soils",62,9,0.0927,0.0927,9.71,0.0644,-0.0336,0.2189,1.438,0.1504,10.7972,0.0129,"Nested (Outliers Removed)"
"TY","GpH","Soil pH","<7",192,17,0.1655,0.1655,18,0.0745,0.0196,0.3115,2.2232,0.0262,4.9456,0.0843,"Nested (Outliers Removed)"
"TY","GpH","Soil pH","≥7",38,6,0.0231,0.0231,2.33,0.0458,-0.0668,0.1129,0.5033,0.6147,4.9456,0.0843,"Nested (Outliers Removed)"
"TY","GSOM","Soil organic matter","< 1.5%",45,9,0.2118,0.2118,23.58,0.0641,0.086,0.3375,3.3012,0.001,11.4711,0.0032,"Nested (Outliers Removed)"
"TY","GSOM","Soil organic matter","≥ 1.5%",78,8,-0.0159,-0.0159,-1.58,0.0629,-0.1392,0.1074,-0.2524,0.8007,11.4711,0.0032,"Nested (Outliers Removed)"
"TY","GECe","Soil salinity","<2",20,2,-0.0145,-0.0145,-1.44,0.0612,-0.1345,0.1055,-0.2362,0.8133,7.8025,0.0991,"Nested (Outliers Removed)"
"TY","GECe","Soil salinity",">16",141,12,-0.0469,-0.0469,-4.58,0.2252,-0.4884,0.3945,-0.2084,0.8349,7.8025,0.0991,"Nested (Outliers Removed)"
"TY","GECe","Soil salinity","2–4",4,1,0.348,0.348,41.63,0.1419,0.0699,0.6262,2.4525,0.0142,7.8025,0.0991,"Nested (Outliers Removed)"
"TY","GECe","Soil salinity","4–8",11,2,-0.1926,-0.1926,-17.52,0.1482,-0.4832,0.0979,-1.2994,0.1938,7.8025,0.0991,"Nested (Outliers Removed)"
"TY","Gbd","Soil bulk density","<1.35",170,13,0.126,0.126,13.43,0.0783,-0.0275,0.2796,1.6091,0.1076,2.5932,0.2735,"Nested (Outliers Removed)"
"TY","Gbd","Soil bulk density","≥ 1.35",44,6,0.0033,0.0033,0.33,0.0528,-0.1003,0.1068,0.0621,0.9505,2.5932,0.2735,"Nested (Outliers Removed)"
"TY","GCLI","Climate zone","Arid",198,17,0.0038,0.0038,0.38,0.0552,-0.1045,0.1121,0.0686,0.9453,16.1162,0.0029,"Nested (Outliers Removed)"
"TY","GCLI","Climate zone","Boreal",146,19,0.0766,0.0766,7.96,0.1399,-0.1976,0.3507,0.5475,0.584,16.1162,0.0029,"Nested (Outliers Removed)"
"TY","GCLI","Climate zone","Equatorial",17,4,0.2112,0.2112,23.52,0.1163,-0.0166,0.4391,1.817,0.0692,16.1162,0.0029,"Nested (Outliers Removed)"
"TY","GCLI","Climate zone","Warm temperate",13,3,0.1913,0.1913,21.08,0.0541,0.0853,0.2973,3.537,4e-04,16.1162,0.0029,"Nested (Outliers Removed)"
"TY","GSRain","Rainfall",">500 ",105,19,-0.1108,-0.1108,-10.49,0.0811,-0.2697,0.0482,-1.3661,0.1719,7.1368,0.0677,"Nested (Outliers Removed)"
"TY","GSRain","Rainfall","≤200",14,3,0.0112,0.0112,1.13,0.044,-0.075,0.0974,0.2552,0.7986,7.1368,0.0677,"Nested (Outliers Removed)"
"TY","GSRain","Rainfall","200–500",108,13,0.0669,0.0669,6.92,0.0476,-0.0265,0.1603,1.404,0.1603,7.1368,0.0677,"Nested (Outliers Removed)"
"TY","GN","Nitrogen","<100",90,14,0.0879,0.0879,9.19,0.054,-0.0179,0.1937,1.6286,0.1034,5.1121,0.276,"Nested (Outliers Removed)"
"TY","GN","Nitrogen",">300",66,10,0.0529,0.0529,5.43,0.0742,-0.0926,0.1984,0.7129,0.4759,5.1121,0.276,"Nested (Outliers Removed)"
"TY","GN","Nitrogen","100–200",89,12,0.1066,0.1066,11.25,0.0507,0.0072,0.206,2.1015,0.0356,5.1121,0.276,"Nested (Outliers Removed)"
"TY","GN","Nitrogen","200–300",25,5,0.0907,0.0907,9.5,0.0538,-0.0148,0.1962,1.6857,0.0919,5.1121,0.276,"Nested (Outliers Removed)"
"TY","Continent","Continent","Africa",201,20,-0.0628,-0.0628,-6.09,0.1248,-0.3073,0.1817,-0.5033,0.6148,20.7844,0.002,"Nested (Outliers Removed)"
"TY","Continent","Continent","Asia",106,14,0.1025,0.1025,10.79,0.0505,0.0036,0.2014,2.0311,0.0422,20.7844,0.002,"Nested (Outliers Removed)"
"TY","Continent","Continent","Europe",44,3,0.0979,0.0979,10.29,0.1438,-0.1839,0.3797,0.6808,0.496,20.7844,0.002,"Nested (Outliers Removed)"
"TY","Continent","Continent","North America",7,3,0.2289,0.2289,25.73,0.0615,0.1084,0.3495,3.7212,2e-04,20.7844,0.002,"Nested (Outliers Removed)"
"TY","Continent","Continent","Oceania",13,3,-0.1143,-0.1143,-10.8,0.1369,-0.3826,0.154,-0.8351,0.4037,20.7844,0.002,"Nested (Outliers Removed)"
"TY","Continent","Continent","South America",4,1,-0.2691,-0.2691,-23.6,0.2277,-0.7154,0.1771,-1.1821,0.2372,20.7844,0.002,"Nested (Outliers Removed)"
"MY","GMM","Mulch material","biodegradable film",390,37,0.233,0.233,26.24,0.0923,0.052,0.414,2.5235,0.0116,7.6356,0.1059,"Nested (Outliers Removed)"
"MY","GMM","Mulch material","organic",64,8,0.1356,0.1356,14.52,0.0805,-0.0223,0.2934,1.6834,0.0923,7.6356,0.1059,"Nested (Outliers Removed)"
"MY","GMM","Mulch material","paper",29,4,0.2037,0.2037,22.6,0.113,-0.0178,0.4253,1.8022,0.0715,7.6356,0.1059,"Nested (Outliers Removed)"
"MY","GMM","Mulch material","polyethylene",9,3,0.0796,0.0796,8.29,0.0483,-0.0149,0.1742,1.6502,0.0989,7.6356,0.1059,"Nested (Outliers Removed)"
"MY","GMC","Mulch color","Black",15,2,0.1049,0.1049,11.05,0.0661,-0.0248,0.2345,1.5853,0.1129,13.0286,0.0111,"Nested (Outliers Removed)"
"MY","GMC","Mulch color","Brown",105,7,0.088,0.088,9.2,0.1176,-0.1426,0.3186,0.7478,0.4546,13.0286,0.0111,"Nested (Outliers Removed)"
"MY","GMC","Mulch color","Transparent",251,27,-0.1952,-0.1952,-17.73,0.2501,-0.6855,0.295,-0.7804,0.4352,13.0286,0.0111,"Nested (Outliers Removed)"
"MY","GMC","Mulch color","White",9,3,0.2874,0.2874,33.29,0.0842,0.1224,0.4523,3.4145,6e-04,13.0286,0.0111,"Nested (Outliers Removed)"
"MY","Gem","Emitter flow rate","<2",223,13,0.0416,0.0416,4.25,0.1433,-0.2393,0.3226,0.2903,0.7716,0.1461,0.9858,"Nested (Outliers Removed)"
"MY","Gem","Emitter flow rate",">4",16,6,-0.0083,-0.0083,-0.83,0.3038,-0.6038,0.5872,-0.0273,0.9782,0.1461,0.9858,"Nested (Outliers Removed)"
"MY","Gem","Emitter flow rate","2–4",7,1,0.0201,0.0201,2.03,0.0814,-0.1395,0.1797,0.2472,0.8048,0.1461,0.9858,"Nested (Outliers Removed)"
"MY","Arragement","Arragement","subsurface",470,40,0.228,0.228,25.61,0.1062,0.0199,0.4361,2.1476,0.0317,6.3506,0.0418,"Nested (Outliers Removed)"
"MY","Arragement","Arragement","surface",22,3,0.0909,0.0909,9.52,0.0466,-5e-04,0.1824,1.9501,0.0512,6.3506,0.0418,"Nested (Outliers Removed)"
"MY","GST","Soil texture","coarse soils",112,11,0.1522,0.1522,16.44,0.0674,0.0201,0.2842,2.2583,0.0239,5.2064,0.1573,"Nested (Outliers Removed)"
"MY","GST","Soil texture","fine soils",228,18,0.0222,0.0222,2.25,0.1017,-0.177,0.2215,0.2186,0.827,5.2064,0.1573,"Nested (Outliers Removed)"
"MY","GST","Soil texture","medium soils",96,9,0.0834,0.0834,8.7,0.0806,-0.0746,0.2414,1.0347,0.3008,5.2064,0.1573,"Nested (Outliers Removed)"
"MY","GpH","Soil pH","<7",153,10,-0.0896,-0.0896,-8.57,0.0873,-0.2607,0.0814,-1.0268,0.3045,6.9679,0.0307,"Nested (Outliers Removed)"
"MY","GpH","Soil pH","≥7",78,10,0.1092,0.1092,11.54,0.0878,-0.0629,0.2814,1.244,0.2135,6.9679,0.0307,"Nested (Outliers Removed)"
"MY","GSOM","Soil organic matter","< 1.5%",40,7,-0.0819,-0.0819,-7.86,0.097,-0.2721,0.1083,-0.8441,0.3986,0.7126,0.7003,"Nested (Outliers Removed)"
"MY","GSOM","Soil organic matter","≥ 1.5%",21,4,-0.0016,-0.0016,-0.16,0.1228,-0.2422,0.2391,-0.0127,0.9899,0.7126,0.7003,"Nested (Outliers Removed)"
"MY","Gbd","Soil bulk density","<1.35",127,12,-0.05,-0.05,-4.87,0.0863,-0.2191,0.1192,-0.579,0.5626,5.1586,0.0758,"Nested (Outliers Removed)"
"MY","Gbd","Soil bulk density","≥ 1.35",64,3,-0.1078,-0.1078,-10.22,0.0491,-0.204,-0.0116,-2.1962,0.0281,5.1586,0.0758,"Nested (Outliers Removed)"
"MY","GCLI","Climate zone","Arid",165,12,0.1308,0.1308,13.97,0.0782,-0.0226,0.2841,1.6715,0.0946,4.8295,0.3052,"Nested (Outliers Removed)"
"MY","GCLI","Climate zone","Boreal",292,26,0.023,0.023,2.33,0.2136,-0.3956,0.4417,0.1079,0.9141,4.8295,0.3052,"Nested (Outliers Removed)"
"MY","GCLI","Climate zone","Equatorial",17,2,-0.0034,-0.0034,-0.34,0.1774,-0.3511,0.3443,-0.0192,0.9847,4.8295,0.3052,"Nested (Outliers Removed)"
"MY","GCLI","Climate zone","Warm temperate",18,3,0.1023,0.1023,10.77,0.0569,-0.0093,0.2139,1.7966,0.0724,4.8295,0.3052,"Nested (Outliers Removed)"
"MY","GSRain","Rainfall",">500 ",127,18,-0.2921,-0.2921,-25.33,0.0964,-0.481,-0.1033,-3.0316,0.0024,20.8289,1e-04,"Nested (Outliers Removed)"
"MY","GSRain","Rainfall","≤200",88,12,-0.0215,-0.0215,-2.12,0.0631,-0.1451,0.1021,-0.3405,0.7335,20.8289,1e-04,"Nested (Outliers Removed)"
"MY","GSRain","Rainfall","200–500",13,3,0.057,0.057,5.87,0.0669,-0.0741,0.1881,0.8526,0.3939,20.8289,1e-04,"Nested (Outliers Removed)"
"MY","GN","Nitrogen","<100",155,13,-0.0082,-0.0082,-0.82,0.0755,-0.1561,0.1397,-0.1085,0.9136,8.509,0.0746,"Nested (Outliers Removed)"
"MY","GN","Nitrogen",">300",93,11,0.1711,0.1711,18.67,0.1101,-0.0447,0.3869,1.5544,0.1201,8.509,0.0746,"Nested (Outliers Removed)"
"MY","GN","Nitrogen","100–200",110,13,0.0404,0.0404,4.13,0.064,-0.085,0.1659,0.6318,0.5275,8.509,0.0746,"Nested (Outliers Removed)"
"MY","GN","Nitrogen","200–300",16,3,0.1668,0.1668,18.16,0.0642,0.041,0.2927,2.5976,0.0094,8.509,0.0746,"Nested (Outliers Removed)"
"MY","Continent","Continent","Africa",119,7,-0.0194,-0.0194,-1.92,0.1636,-0.3399,0.3012,-0.1185,0.9057,30.5118,0,"Nested (Outliers Removed)"
"MY","Continent","Continent","Asia",278,28,-0.2169,-0.2169,-19.5,0.0853,-0.3842,-0.0497,-2.5429,0.011,30.5118,0,"Nested (Outliers Removed)"
"MY","Continent","Continent","Europe",38,2,0.4181,0.4181,51.91,0.1192,0.1845,0.6517,3.5079,5e-04,30.5118,0,"Nested (Outliers Removed)"
"MY","Continent","Continent","North America",55,4,0.1569,0.1569,16.98,0.0458,0.0671,0.2466,3.4243,6e-04,30.5118,0,"Nested (Outliers Removed)"
"MY","Continent","Continent","Oceania",2,1,0.0049,0.0049,0.49,0.2812,-0.5463,0.5561,0.0175,0.9861,30.5118,0,"Nested (Outliers Removed)"
"TWP","GMM","Mulch material","biodegradable film",90,12,0.1246,0.1246,13.27,0.0876,-0.0472,0.2964,1.4217,0.1551,13.3662,0.0039,"Nested (Outliers Removed)"
"TWP","GMM","Mulch material","organic",40,2,0.0588,0.0588,6.06,0.0687,-0.0759,0.1935,0.8556,0.3922,13.3662,0.0039,"Nested (Outliers Removed)"
"TWP","GMM","Mulch material","polyethylene",8,1,0.1496,0.1496,16.14,0.046,0.0594,0.2398,3.2501,0.0012,13.3662,0.0039,"Nested (Outliers Removed)"
"TWP","GMC","Mulch color","Black",37,5,0.1673,0.1673,18.21,0.0399,0.0891,0.2455,4.1918,0,18.1392,4e-04,"Nested (Outliers Removed)"
"TWP","GMC","Mulch color","Transparent",52,8,0.1266,0.1266,13.5,0.0433,0.0417,0.2116,2.9217,0.0035,18.1392,4e-04,"Nested (Outliers Removed)"
"TWP","GMC","Mulch color","White",40,2,0.0201,0.0201,2.03,0.076,-0.1288,0.169,0.2648,0.7912,18.1392,4e-04,"Nested (Outliers Removed)"
"TWP","Gem","Emitter flow rate","<2",41,6,0.1133,0.1133,12,0.079,-0.0416,0.2682,1.4336,0.1517,9.84,0.0073,"Nested (Outliers Removed)"
"TWP","Gem","Emitter flow rate","2–4",45,3,0.1585,0.1585,17.18,0.0568,0.0472,0.2699,2.7901,0.0053,9.84,0.0073,"Nested (Outliers Removed)"
"TWP","Arragement","Arragement","subsurface",130,13,0.3399,0.3399,40.48,0.0657,0.2112,0.4686,5.1759,0,26.9898,0,"Nested (Outliers Removed)"
"TWP","Arragement","Arragement","surface",8,1,0.1352,0.1352,14.47,0.0449,0.0472,0.2231,3.0116,0.0026,26.9898,0,"Nested (Outliers Removed)"
"TWP","GST","Soil texture","coarse soils",72,7,0.1842,0.1842,20.22,0.0931,0.0017,0.3667,1.9778,0.048,8.167,0.0427,"Nested (Outliers Removed)"
"TWP","GST","Soil texture","fine soils",45,3,0.0757,0.0757,7.86,0.1128,-0.1453,0.2967,0.6712,0.5021,8.167,0.0427,"Nested (Outliers Removed)"
"TWP","GST","Soil texture","medium soils",20,2,0.1203,0.1203,12.78,0.0617,-6e-04,0.2411,1.9506,0.0511,8.167,0.0427,"Nested (Outliers Removed)"
"TWP","GSOM","Soil organic matter","< 1.5%",57,4,0.2365,0.2365,26.68,0.0412,0.1557,0.3172,5.7385,0,46.0358,0,"Nested (Outliers Removed)"
"TWP","GSOM","Soil organic matter","≥ 1.5%",16,2,0.1046,0.1046,11.02,0.0289,0.0479,0.1612,3.6201,3e-04,46.0358,0,"Nested (Outliers Removed)"
"TWP","GECe","Soil salinity","<2",79,6,0.057,0.057,5.87,0.0567,-0.0542,0.1682,1.005,0.3149,5.4938,0.0641,"Nested (Outliers Removed)"
"TWP","GECe","Soil salinity","4–8",1,1,0.3665,0.3665,44.26,0.1731,0.0273,0.7057,2.1175,0.0342,5.4938,0.0641,"Nested (Outliers Removed)"
"TWP","Gbd","Soil bulk density","<1.35",104,6,0.202,0.202,22.38,0.0943,0.0172,0.3868,2.1419,0.0322,5.721,0.0572,"Nested (Outliers Removed)"
"TWP","Gbd","Soil bulk density","≥ 1.35",6,2,0.0502,0.0502,5.15,0.0472,-0.0423,0.1428,1.0645,0.2871,5.721,0.0572,"Nested (Outliers Removed)"
"TWP","GCLI","Climate zone","Arid",120,8,0.1189,0.1189,12.63,0.0543,0.0124,0.2255,2.1886,0.0286,12.138,0.0069,"Nested (Outliers Removed)"
"TWP","GCLI","Climate zone","Equatorial",17,4,0.3665,0.3665,44.26,0.1838,0.0061,0.7268,1.9933,0.0462,12.138,0.0069,"Nested (Outliers Removed)"
"TWP","GCLI","Climate zone","Warm temperate",1,1,0.149,0.149,16.07,0.0811,-0.01,0.3079,1.8371,0.0662,12.138,0.0069,"Nested (Outliers Removed)"
"TWP","GSRain","Rainfall","≤200",44,8,0.1462,0.1462,15.75,0.054,0.0404,0.2521,2.7079,0.0068,8.6938,0.0129,"Nested (Outliers Removed)"
"TWP","GSRain","Rainfall","200–500",42,4,0.1634,0.1634,17.75,0.0595,0.0467,0.2801,2.7452,0.006,8.6938,0.0129,"Nested (Outliers Removed)"
"TWP","GN","Nitrogen","<100",23,5,0.009,0.009,0.91,0.1055,-0.1978,0.2159,0.0857,0.9317,9.148,0.0274,"Nested (Outliers Removed)"
"TWP","GN","Nitrogen","100–200",21,4,0.1654,0.1654,17.99,0.0561,0.0554,0.2755,2.9466,0.0032,9.148,0.0274,"Nested (Outliers Removed)"
"TWP","GN","Nitrogen","200–300",39,2,0.127,0.127,13.54,0.0595,0.0104,0.2435,2.1348,0.0328,9.148,0.0274,"Nested (Outliers Removed)"
"TWP","Continent","Continent","Africa",117,10,0.0891,0.0891,9.32,0.1582,-0.2209,0.3992,0.5633,0.5732,11.383,0.0226,"Nested (Outliers Removed)"
"TWP","Continent","Continent","Asia",4,1,0.1399,0.1399,15.02,0.0521,0.0379,0.242,2.6876,0.0072,11.383,0.0226,"Nested (Outliers Removed)"
"TWP","Continent","Continent","Europe",1,1,0.061,0.061,6.29,0.1651,-0.2626,0.3847,0.3696,0.7117,11.383,0.0226,"Nested (Outliers Removed)"
"TWP","Continent","Continent","North America",16,1,0.3665,0.3665,44.26,0.1904,-0.0066,0.7396,1.925,0.0542,11.383,0.0226,"Nested (Outliers Removed)"
"MWP","GMM","Mulch material","organic",39,6,0.0707,0.0707,7.33,0.0789,-0.0838,0.2253,0.8968,0.3698,5.4015,0.0672,"Nested (Outliers Removed)"
"MWP","GMM","Mulch material","polyethylene",38,2,0.1041,0.1041,10.97,0.0486,0.0089,0.1993,2.1441,0.032,5.4015,0.0672,"Nested (Outliers Removed)"
"MWP","GMC","Mulch color","Black",14,2,0.1927,0.1927,21.25,0.0655,0.0642,0.3211,2.94,0.0033,9.6614,0.008,"Nested (Outliers Removed)"
"MWP","GMC","Mulch color","Transparent",17,3,0.0721,0.0721,7.48,0.0715,-0.068,0.2122,1.0087,0.3131,9.6614,0.008,"Nested (Outliers Removed)"
"MWP","Gem","Emitter flow rate","<2",68,5,0.1489,0.1489,16.06,0.0981,-0.0433,0.3411,1.5188,0.1288,5.4868,0.0644,"Nested (Outliers Removed)"
"MWP","Gem","Emitter flow rate","2–4",5,2,0.091,0.091,9.52,0.051,-0.009,0.191,1.7832,0.0745,5.4868,0.0644,"Nested (Outliers Removed)"
"MWP","GST","Soil texture","coarse soils",18,3,-0.042,-0.042,-4.12,0.0892,-0.2168,0.1327,-0.4714,0.6373,12.7207,0.0053,"Nested (Outliers Removed)"
"MWP","GST","Soil texture","fine soils",51,4,0.1588,0.1588,17.22,0.0474,0.0659,0.2518,3.3484,8e-04,12.7207,0.0053,"Nested (Outliers Removed)"
"MWP","GST","Soil texture","medium soils",8,1,0.0611,0.0611,6.3,0.0539,-0.0445,0.1667,1.1342,0.2567,12.7207,0.0053,"Nested (Outliers Removed)"
"MWP","GSOM","Soil organic matter","< 1.5%",13,2,0.2303,0.2303,25.89,0.0786,0.0762,0.3843,2.9301,0.0034,8.8141,0.0122,"Nested (Outliers Removed)"
"MWP","GSOM","Soil organic matter","≥ 1.5%",12,2,0.0338,0.0338,3.44,0.0708,-0.1049,0.1725,0.478,0.6327,8.8141,0.0122,"Nested (Outliers Removed)"
"MWP","Gbd","Soil bulk density","<1.35",27,5,0.166,0.166,18.05,0.0657,0.0371,0.2948,2.5247,0.0116,7.3054,0.0259,"Nested (Outliers Removed)"
"MWP","Gbd","Soil bulk density","≥ 1.35",46,2,0.0473,0.0473,4.85,0.049,-0.0488,0.1435,0.965,0.3345,7.3054,0.0259,"Nested (Outliers Removed)"
"MWP","GCLI","Climate zone","Arid",53,5,0.0781,0.0781,8.12,0.0521,-0.0241,0.1802,1.4972,0.1343,5.783,0.0555,"Nested (Outliers Removed)"
"MWP","GCLI","Climate zone","Warm temperate",24,3,0.12,0.12,12.75,0.0638,-0.005,0.245,1.8819,0.0599,5.783,0.0555,"Nested (Outliers Removed)"
"MWP","GN","Nitrogen","<100",18,2,0.179,0.179,19.61,0.1509,-0.1166,0.4747,1.1869,0.2353,22.7027,0,"Nested (Outliers Removed)"
"MWP","GN","Nitrogen","100–200",1,1,0.2159,0.2159,24.1,0.0468,0.1241,0.3077,4.6099,0,22.7027,0,"Nested (Outliers Removed)"
"MWP","GN","Nitrogen","200–300",20,3,0.0086,0.0086,0.86,0.0414,-0.0726,0.0897,0.2074,0.8357,22.7027,0,"Nested (Outliers Removed)"
"MWP","Continent","Continent","Africa",34,4,0.0698,0.0698,7.23,0.0897,-0.1059,0.2456,0.7785,0.4363,4.5613,0.3353,"Nested (Outliers Removed)"
"MWP","Continent","Continent","Asia",38,2,0.0895,0.0895,9.37,0.0634,-0.0348,0.2138,1.4114,0.1581,4.5613,0.3353,"Nested (Outliers Removed)"
"MWP","Continent","Continent","Europe",1,1,0.132,0.132,14.11,0.1347,-0.1321,0.3961,0.9798,0.3272,4.5613,0.3353,"Nested (Outliers Removed)"
"MWP","Continent","Continent","North America",4,1,0.179,0.179,19.61,0.1788,-0.1713,0.5294,1.0015,0.3166,4.5613,0.3353,"Nested (Outliers Removed)"
"TSS","GMM","Mulch material","biodegradable film",138,11,0.1505,0.1505,16.24,0.0452,0.0619,0.239,3.3301,9e-04,21.6461,1e-04,"Nested (Outliers Removed)"
"TSS","GMM","Mulch material","organic",40,2,-0.0235,-0.0235,-2.33,0.1017,-0.2228,0.1757,-0.2315,0.8169,21.6461,1e-04,"Nested (Outliers Removed)"
"TSS","GMM","Mulch material","polyethylene",1,1,0.0751,0.0751,7.79,0.0214,0.033,0.1171,3.5007,5e-04,21.6461,1e-04,"Nested (Outliers Removed)"
"TSS","GMC","Mulch color","Black",34,4,0.1186,0.1186,12.59,0.0314,0.057,0.1802,3.7728,2e-04,18.1318,0.0012,"Nested (Outliers Removed)"
"TSS","GMC","Mulch color","Black/White",84,4,-0.0394,-0.0394,-3.86,0.0822,-0.2004,0.1217,-0.479,0.6319,18.1318,0.0012,"Nested (Outliers Removed)"
"TSS","GMC","Mulch color","Transparent",40,4,0.0968,0.0968,10.17,0.0322,0.0338,0.1599,3.0111,0.0026,18.1318,0.0012,"Nested (Outliers Removed)"
"TSS","GMC","Mulch color","White",3,1,0.0843,0.0843,8.8,0.0376,0.0107,0.158,2.2457,0.0247,18.1318,0.0012,"Nested (Outliers Removed)"
"TSS","Gem","Emitter flow rate","<2",39,6,0.1461,0.1461,15.73,0.0339,0.0796,0.2126,4.3055,0,27.4923,0,"Nested (Outliers Removed)"
"TSS","Gem","Emitter flow rate","2–4",48,3,0.0806,0.0806,8.4,0.0269,0.0278,0.1334,2.9924,0.0028,27.4923,0,"Nested (Outliers Removed)"
"TSS","Arragement","Arragement","subsurface",170,12,0.0824,0.0824,8.59,0.0547,-0.0248,0.1896,1.5072,0.1318,15.1192,5e-04,"Nested (Outliers Removed)"
"TSS","Arragement","Arragement","surface",9,2,0.0836,0.0836,8.72,0.0227,0.0392,0.128,3.6906,2e-04,15.1192,5e-04,"Nested (Outliers Removed)"
"TSS","GST","Soil texture","coarse soils",56,4,0.0705,0.0705,7.3,0.0292,0.0132,0.1277,2.4115,0.0159,17.9576,4e-04,"Nested (Outliers Removed)"
"TSS","GST","Soil texture","fine soils",106,7,0.0403,0.0403,4.11,0.0534,-0.0644,0.1449,0.7544,0.4506,17.9576,4e-04,"Nested (Outliers Removed)"
"TSS","GST","Soil texture","medium soils",17,2,0.123,0.123,13.08,0.0361,0.0521,0.1938,3.4019,7e-04,17.9576,4e-04,"Nested (Outliers Removed)"
"TSS","GpH","Soil pH","<7",140,6,-0.0235,-0.0235,-2.33,0.087,-0.1941,0.147,-0.2704,0.7869,7.8239,0.02,"Nested (Outliers Removed)"
"TSS","GpH","Soil pH","≥7",1,1,0.0568,0.0568,5.84,0.0204,0.0168,0.0967,2.784,0.0054,7.8239,0.02,"Nested (Outliers Removed)"
"TSS","GSOM","Soil organic matter","< 1.5%",46,3,0.0585,0.0585,6.02,0.0434,-0.0266,0.1436,1.3466,0.1781,5.8084,0.0548,"Nested (Outliers Removed)"
"TSS","GSOM","Soil organic matter","≥ 1.5%",21,3,0.0797,0.0797,8.29,0.0399,0.0015,0.1578,1.9988,0.0456,5.8084,0.0548,"Nested (Outliers Removed)"
"TSS","Gbd","Soil bulk density","<1.35",150,8,0.1519,0.1519,16.41,0.0427,0.0682,0.2357,3.5555,4e-04,23.722,0,"Nested (Outliers Removed)"
"TSS","Gbd","Soil bulk density","≥ 1.35",19,2,0.0708,0.0708,7.33,0.0213,0.0291,0.1124,3.3287,9e-04,23.722,0,"Nested (Outliers Removed)"
"TSS","GCLI","Climate zone","Arid",146,7,0.0966,0.0966,10.15,0.0244,0.0489,0.1444,3.9661,1e-04,24.9033,0,"Nested (Outliers Removed)"
"TSS","GCLI","Climate zone","Equatorial",32,5,0.2743,0.2743,31.57,0.0988,0.0807,0.468,2.7772,0.0055,24.9033,0,"Nested (Outliers Removed)"
"TSS","GCLI","Climate zone","Warm temperate",1,1,0.039,0.039,3.98,0.0323,-0.0243,0.1024,1.2085,0.2269,24.9033,0,"Nested (Outliers Removed)"
"TSS","GSRain","Rainfall","≤200",108,10,0.0722,0.0722,7.48,0.0225,0.028,0.1164,3.2,0.0014,10.6195,0.0049,"Nested (Outliers Removed)"
"TSS","GSRain","Rainfall","200–500",34,2,0.0744,0.0744,7.73,0.0289,0.0178,0.131,2.5758,0.01,10.6195,0.0049,"Nested (Outliers Removed)"
"TSS","GN","Nitrogen","<100",67,5,0.028,0.028,2.83,0.0413,-0.0531,0.109,0.6762,0.4989,10.4353,0.0152,"Nested (Outliers Removed)"
"TSS","GN","Nitrogen","100–200",13,2,0.0603,0.0603,6.21,0.0331,-0.0046,0.1252,1.8218,0.0685,10.4353,0.0152,"Nested (Outliers Removed)"
"TSS","GN","Nitrogen","200–300",55,3,0.1323,0.1323,14.15,0.0513,0.0318,0.2328,2.5805,0.0099,10.4353,0.0152,"Nested (Outliers Removed)"
"TSS","Continent","Continent","Asia",175,11,0.096,0.096,10.07,0.0203,0.0562,0.1358,4.7263,0,22.6526,0,"Nested (Outliers Removed)"
"TSS","Continent","Continent","Europe",3,1,-0.0394,-0.0394,-3.86,0.0772,-0.1906,0.1119,-0.5099,0.6101,22.6526,0,"Nested (Outliers Removed)"
"TSS","Continent","Continent","Oceania",1,1,-0.0235,-0.0235,-2.33,0.1009,-0.2213,0.1743,-0.2331,0.8157,22.6526,0,"Nested (Outliers Removed)"
"Tacid","GMM","Mulch material","biodegradable film",69,7,-0.0402,-0.0402,-3.94,0.0508,-0.1398,0.0594,-0.7915,0.4287,0.9991,0.6068,"Nested (Outliers Removed)"
"Tacid","GMM","Mulch material","polyethylene",40,3,0.0162,0.0162,1.64,0.0338,-0.0501,0.0826,0.4799,0.6313,0.9991,0.6068,"Nested (Outliers Removed)"
"Tacid","GMC","Mulch color","Black",42,3,0.004,0.004,0.4,0.0347,-0.0639,0.0719,0.1155,0.9081,0.0777,0.9944,"Nested (Outliers Removed)"
"Tacid","GMC","Mulch color","Transparent",42,7,-0.0032,-0.0032,-0.31,0.041,-0.0835,0.0772,-0.0769,0.9387,0.0777,0.9944,"Nested (Outliers Removed)"
"Tacid","GMC","Mulch color","White",25,2,-0.0042,-0.0042,-0.41,0.0544,-0.1107,0.1024,-0.0764,0.9391,0.0777,0.9944,"Nested (Outliers Removed)"
"Tacid","Gem","Emitter flow rate","<2",40,3,0.0135,0.0135,1.36,0.0634,-0.1107,0.1377,0.2137,0.8308,0.0982,0.9521,"Nested (Outliers Removed)"
"Tacid","Gem","Emitter flow rate","2–4",27,4,0.0112,0.0112,1.13,0.0489,-0.0847,0.1071,0.2292,0.8187,0.0982,0.9521,"Nested (Outliers Removed)"
"Tacid","GST","Soil texture","coarse soils",48,3,0.0127,0.0127,1.28,0.0528,-0.0908,0.1162,0.2412,0.8094,2.2936,0.5137,"Nested (Outliers Removed)"
"Tacid","GST","Soil texture","fine soils",48,4,0.0863,0.0863,9.01,0.0736,-0.0579,0.2305,1.1729,0.2408,2.2936,0.5137,"Nested (Outliers Removed)"
"Tacid","GST","Soil texture","medium soils",13,2,-0.0438,-0.0438,-4.28,0.0472,-0.1362,0.0487,-0.9272,0.3538,2.2936,0.5137,"Nested (Outliers Removed)"
"Tacid","GSOM","Soil organic matter","< 1.5%",19,3,0.0198,0.0198,2,0.0767,-0.1305,0.1701,0.2584,0.7961,0.1331,0.9356,"Nested (Outliers Removed)"
"Tacid","GSOM","Soil organic matter","≥ 1.5%",36,1,0.0319,0.0319,3.25,0.1241,-0.2113,0.2751,0.2574,0.7969,0.1331,0.9356,"Nested (Outliers Removed)"
"Tacid","Gbd","Soil bulk density","<1.35",83,3,-0.0487,-0.0487,-4.75,0.0424,-0.1318,0.0344,-1.1487,0.2507,1.8531,0.3959,"Nested (Outliers Removed)"
"Tacid","Gbd","Soil bulk density","≥ 1.35",17,3,0.0268,0.0268,2.72,0.0367,-0.0452,0.0989,0.7305,0.4651,1.8531,0.3959,"Nested (Outliers Removed)"
"Tacid","GCLI","Climate zone","Arid",82,5,-0.0083,-0.0083,-0.82,0.0433,-0.0932,0.0766,-0.1912,0.8484,1.6088,0.6574,"Nested (Outliers Removed)"
"Tacid","GCLI","Climate zone","Equatorial",25,3,0.1145,0.1145,12.13,0.0956,-0.0728,0.3018,1.198,0.2309,1.6088,0.6574,"Nested (Outliers Removed)"
"Tacid","GCLI","Climate zone","Warm temperate",2,1,-0.0188,-0.0188,-1.86,0.0508,-0.1184,0.0808,-0.3703,0.7112,1.6088,0.6574,"Nested (Outliers Removed)"
"Tacid","GSRain","Rainfall","≤200",63,5,0.0272,0.0272,2.75,0.0175,-0.0072,0.0615,1.5485,0.1215,10.0946,0.0064,"Nested (Outliers Removed)"
"Tacid","GSRain","Rainfall","200–500",6,1,-0.1083,-0.1083,-10.27,0.0391,-0.1849,-0.0318,-2.7743,0.0055,10.0946,0.0064,"Nested (Outliers Removed)"
"Tacid","GN","Nitrogen","100–200",58,3,-0.0035,-0.0035,-0.35,0.0457,-0.0931,0.0862,-0.076,0.9394,1.9532,0.3766,"Nested (Outliers Removed)"
"Tacid","GN","Nitrogen","200–300",12,3,-0.0718,-0.0718,-6.93,0.0514,-0.1726,0.029,-1.3955,0.1629,1.9532,0.3766,"Nested (Outliers Removed)"
"Tacid","Continent","Continent","Asia",108,8,-0.0091,-0.0091,-0.91,0.0298,-0.0676,0.0493,-0.3062,0.7594,2.0294,0.3625,"Nested (Outliers Removed)"
"Tacid","Continent","Continent","North America",1,1,0.1755,0.1755,19.18,0.1261,-0.0717,0.4227,1.3913,0.1641,2.0294,0.3625,"Nested (Outliers Removed)"
"pH","GMC","Mulch color","Black",2,1,-0.0218,-0.0218,-2.15,0.0068,-0.0351,-0.0084,-3.1992,0.0014,12.2096,0.0022,"Nested (Outliers Removed)"
"pH","GMC","Mulch color","Transparent",13,3,-0.0244,-0.0244,-2.41,0.0174,-0.0584,0.0096,-1.4053,0.1599,12.2096,0.0022,"Nested (Outliers Removed)"
"pH","GCLI","Climate zone","Arid",6,1,-0.0042,-0.0042,-0.42,0.0402,-0.083,0.0746,-0.1041,0.9171,1.0001,0.8012,"Nested (Outliers Removed)"
"pH","GCLI","Climate zone","Boreal",8,1,-0.0203,-0.0203,-2.01,0.0332,-0.0854,0.0448,-0.6107,0.5414,1.0001,0.8012,"Nested (Outliers Removed)"
"pH","GCLI","Climate zone","Warm temperate",1,1,-0.0258,-0.0258,-2.54,0.0328,-0.0901,0.0386,-0.785,0.4324,1.0001,0.8012,"Nested (Outliers Removed)"
"pH","GSRain","Rainfall",">500 ",3,1,0,0,0,0.0122,-0.0239,0.0239,0,1,22.1107,1e-04,"Nested (Outliers Removed)"
"pH","GSRain","Rainfall","≤200",3,1,-0.0234,-0.0234,-2.31,0.007,-0.0372,-0.0096,-3.3214,9e-04,22.1107,1e-04,"Nested (Outliers Removed)"
"pH","GSRain","Rainfall","200–500",9,2,-0.0406,-0.0406,-3.97,0.0122,-0.0644,-0.0167,-3.3286,9e-04,22.1107,1e-04,"Nested (Outliers Removed)"
"pH","Continent","Continent","Asia",7,2,-0.0258,-0.0258,-2.54,0.0086,-0.0425,-0.009,-3.0097,0.0026,12.9187,0.0016,"Nested (Outliers Removed)"
"pH","Continent","Continent","North America",8,1,-0.018,-0.018,-1.78,0.0092,-0.0359,0,-1.9648,0.0494,12.9187,0.0016,"Nested (Outliers Removed)"
"Sugar","GMM","Mulch material","biodegradable film",5,2,0.1234,0.1234,13.13,0.0187,0.0867,0.1601,6.5902,0,43.6828,0,"Nested (Outliers Removed)"
"Sugar","GMM","Mulch material","polyethylene",36,1,0.0251,0.0251,2.54,0.05,-0.0729,0.1231,0.502,0.6157,43.6828,0,"Nested (Outliers Removed)"
"Sugar","GMC","Mulch color","Black",20,2,0.0687,0.0687,7.11,0.0563,-0.0417,0.1791,1.22,0.2225,1.5605,0.4583,"Nested (Outliers Removed)"
"Sugar","GMC","Mulch color","Transparent",23,3,0.0685,0.0685,7.09,0.0592,-0.0476,0.1846,1.1565,0.2475,1.5605,0.4583,"Nested (Outliers Removed)"
"Sugar","GST","Soil texture","fine soils",7,2,0.008,0.008,0.8,0.0563,-0.1024,0.1184,0.1419,0.8872,6.4686,0.0394,"Nested (Outliers Removed)"
"Sugar","GST","Soil texture","medium soils",36,1,0.1234,0.1234,13.13,0.0486,0.0282,0.2187,2.5394,0.0111,6.4686,0.0394,"Nested (Outliers Removed)"
"Sugar","GpH","Soil pH","<7",6,1,-0.0209,-0.0209,-2.06,0.044,-0.1072,0.0655,-0.4737,0.6357,46.9633,0,"Nested (Outliers Removed)"
"Sugar","GpH","Soil pH","≥7",37,2,0.1233,0.1233,13.12,0.018,0.0879,0.1586,6.8366,0,46.9633,0,"Nested (Outliers Removed)"
"Sugar","GSOM","Soil organic matter","< 1.5%",42,2,0.118,0.118,12.52,0.15,-0.176,0.4119,0.7866,0.4315,1.2465,0.5362,"Nested (Outliers Removed)"
"Sugar","GSOM","Soil organic matter","≥ 1.5%",1,1,0.057,0.057,5.86,0.0719,-0.084,0.1979,0.7923,0.4282,1.2465,0.5362,"Nested (Outliers Removed)"
"Sugar","Gbd","Soil bulk density","<1.35",6,1,-0.0209,-0.0209,-2.06,0.0677,-0.1535,0.1118,-0.3083,0.7578,5.2861,0.0711,"Nested (Outliers Removed)"
"Sugar","Gbd","Soil bulk density","≥ 1.35",36,1,0.1234,0.1234,13.13,0.0542,0.0172,0.2296,2.2784,0.0227,5.2861,0.0711,"Nested (Outliers Removed)"
"Sugar","GCLI","Climate zone","Arid",6,1,0.1233,0.1233,13.12,0.018,0.0879,0.1586,6.8366,0,46.9633,0,"Nested (Outliers Removed)"
"Sugar","GCLI","Climate zone","Boreal",37,2,-0.0209,-0.0209,-2.06,0.044,-0.1072,0.0655,-0.4737,0.6357,46.9633,0,"Nested (Outliers Removed)"
"Sugar","Continent","Continent","Asia",7,2,0.1234,0.1234,13.13,0.0486,0.0282,0.2187,2.5394,0.0111,6.4686,0.0394,"Nested (Outliers Removed)"
"Sugar","Continent","Continent","North America",36,1,0.008,0.008,0.8,0.0563,-0.1024,0.1184,0.1419,0.8872,6.4686,0.0394,"Nested (Outliers Removed)"
"SAR","GMM","Mulch material","biodegradable film",60,5,0.1785,0.1785,19.54,0.0674,0.0465,0.3105,2.6498,0.0081,9.5813,0.0083,"Nested (Outliers Removed)"
"SAR","GMM","Mulch material","polyethylene",44,3,0.1788,0.1788,19.58,0.0634,0.0545,0.303,2.8202,0.0048,9.5813,0.0083,"Nested (Outliers Removed)"
"SAR","GMC","Mulch color","Black",44,2,0.2309,0.2309,25.98,0.0671,0.0994,0.3624,3.4411,6e-04,12.0076,0.0074,"Nested (Outliers Removed)"
"SAR","GMC","Mulch color","Transparent",19,2,0.2149,0.2149,23.97,0.0703,0.0771,0.3526,3.0577,0.0022,12.0076,0.0074,"Nested (Outliers Removed)"
"SAR","GMC","Mulch color","White",25,3,0.165,0.165,17.94,0.0757,0.0166,0.3135,2.179,0.0293,12.0076,0.0074,"Nested (Outliers Removed)"
"SAR","Arragement","Arragement","subsurface",97,5,-0.0188,-0.0188,-1.87,0.1126,-0.2396,0.2019,-0.1673,0.8671,18.665,1e-04,"Nested (Outliers Removed)"
"SAR","Arragement","Arragement","surface",7,1,0.2165,0.2165,24.17,0.0501,0.1182,0.3148,4.3171,0,18.665,1e-04,"Nested (Outliers Removed)"
"SAR","GST","Soil texture","coarse soils",58,3,0.116,0.116,12.3,0.0772,-0.0353,0.2674,1.5028,0.1329,11.8807,0.0026,"Nested (Outliers Removed)"
"SAR","GST","Soil texture","medium soils",46,3,0.2424,0.2424,27.43,0.0781,0.0892,0.3956,3.102,0.0019,11.8807,0.0026,"Nested (Outliers Removed)"
"SAR","Gbd","Soil bulk density","<1.35",94,4,0.3107,0.3107,36.44,0.0777,0.1583,0.4631,3.9968,1e-04,20.8003,0,"Nested (Outliers Removed)"
"SAR","Gbd","Soil bulk density","≥ 1.35",10,2,0.1158,0.1158,12.28,0.0527,0.0125,0.2192,2.1968,0.028,20.8003,0,"Nested (Outliers Removed)"
"SAR","GN","Nitrogen","<100",42,1,0.2674,0.2674,30.66,0.0701,0.1299,0.4049,3.8124,1e-04,51.8121,0,"Nested (Outliers Removed)"
"SAR","GN","Nitrogen","100–200",10,2,0.0997,0.0997,10.48,0.0648,-0.0272,0.2266,1.5393,0.1237,51.8121,0,"Nested (Outliers Removed)"
"SAR","GN","Nitrogen","200–300",9,1,0.3116,0.3116,36.56,0.0527,0.2082,0.415,5.9083,0,51.8121,0,"Nested (Outliers Removed)"
"Firmness","GCLI","Climate zone","Arid",7,1,0.0267,0.0267,2.71,0.0359,-0.0436,0.097,0.7452,0.4561,0.6009,0.7405,"Nested (Outliers Removed)"
"Firmness","GCLI","Climate zone","Warm temperate",8,1,0.0074,0.0074,0.75,0.0348,-0.0608,0.0757,0.2133,0.8311,0.6009,0.7405,"Nested (Outliers Removed)"
"Firmness","GN","Nitrogen","100–200",7,1,0.0267,0.0267,2.71,0.0359,-0.0436,0.097,0.7452,0.4561,0.6009,0.7405,"Nested (Outliers Removed)"
"Firmness","GN","Nitrogen","200–300",8,1,0.0074,0.0074,0.75,0.0348,-0.0608,0.0757,0.2133,0.8311,0.6009,0.7405,"Nested (Outliers Removed)"
"Lyco","GMC","Mulch color","Black",84,2,0.0546,0.0546,5.62,0.0155,0.0242,0.0851,3.5146,4e-04,412.0749,0,"Nested (Outliers Removed)"
"Lyco","GMC","Mulch color","White",6,1,0.0863,0.0863,9.02,0.0043,0.0779,0.0948,19.9931,0,412.0749,0,"Nested (Outliers Removed)"
"Lyco","GST","Soil texture","coarse soils",94,3,0.0874,0.0874,9.14,0.004,0.0796,0.0953,21.7794,0,486.9504,0,"Nested (Outliers Removed)"
"Lyco","GST","Soil texture","fine soils",6,1,0.0546,0.0546,5.62,0.0154,0.0245,0.0848,3.5511,4e-04,486.9504,0,"Nested (Outliers Removed)"
"Lyco","Gbd","Soil bulk density","<1.35",94,3,0.0546,0.0546,5.62,0.0154,0.0245,0.0848,3.5511,4e-04,486.9504,0,"Nested (Outliers Removed)"
"Lyco","Gbd","Soil bulk density","≥ 1.35",6,1,0.0874,0.0874,9.14,0.004,0.0796,0.0953,21.7794,0,486.9504,0,"Nested (Outliers Removed)"
"Lyco","GCLI","Climate zone","Arid",94,3,0.0874,0.0874,9.14,0.004,0.0796,0.0953,21.7794,0,486.9504,0,"Nested (Outliers Removed)"
"Lyco","GCLI","Climate zone","Warm temperate",6,1,0.0546,0.0546,5.62,0.0154,0.0245,0.0848,3.5511,4e-04,486.9504,0,"Nested (Outliers Removed)"
"Lyco","GSRain","Rainfall","≤200",72,4,0.0843,0.0843,8.8,0.0046,0.0754,0.0933,18.4508,0,463.3372,0,"Nested (Outliers Removed)"
"Lyco","GSRain","Rainfall","200–500",28,1,0.0884,0.0884,9.24,0.008,0.0727,0.104,11.0862,0,463.3372,0,"Nested (Outliers Removed)"
"Lyco","GN","Nitrogen","<100",48,2,0.0898,0.0898,9.39,0.0099,0.0704,0.1091,9.0944,0,138.984,0,"Nested (Outliers Removed)"
"Lyco","GN","Nitrogen","100–200",52,2,0.077,0.077,8.01,0.0103,0.0569,0.0971,7.5018,0,138.984,0,"Nested (Outliers Removed)"
"VC","GMM","Mulch material","biodegradable film",103,6,0.1222,0.1222,13,0.0201,0.0828,0.1616,6.0822,0,136.0632,0,"Nested (Outliers Removed)"
"VC","GMM","Mulch material","polyethylene",39,2,0.1202,0.1202,12.77,0.0118,0.097,0.1434,10.1496,0,136.0632,0,"Nested (Outliers Removed)"
"VC","GMC","Mulch color","Black",29,4,0.1325,0.1325,14.17,0.0145,0.1041,0.1608,9.1653,0,802.5628,0,"Nested (Outliers Removed)"
"VC","GMC","Mulch color","Transparent",86,3,0.1063,0.1063,11.22,0.011,0.0848,0.1279,9.6778,0,802.5628,0,"Nested (Outliers Removed)"
"VC","GMC","Mulch color","White",20,2,0.1365,0.1365,14.62,0.0055,0.1258,0.1472,24.998,0,802.5628,0,"Nested (Outliers Removed)"
"VC","Gem","Emitter flow rate","<2",11,2,0.1202,0.1202,12.77,0.0114,0.0979,0.1425,10.5515,0,131.5108,0,"Nested (Outliers Removed)"
"VC","Gem","Emitter flow rate","2–4",47,3,0.0966,0.0966,10.14,0.0215,0.0544,0.1387,4.4918,0,131.5108,0,"Nested (Outliers Removed)"
"VC","Arragement","Arragement","subsurface",135,6,0.1062,0.1062,11.2,0.0277,0.052,0.1604,3.8405,1e-04,155.7726,0,"Nested (Outliers Removed)"
"VC","Arragement","Arragement","surface",7,1,0.1232,0.1232,13.12,0.0104,0.1029,0.1436,11.8753,0,155.7726,0,"Nested (Outliers Removed)"
"VC","GST","Soil texture","coarse soils",51,4,0.1304,0.1304,13.93,0.012,0.1069,0.1538,10.9043,0,192.6872,0,"Nested (Outliers Removed)"
"VC","GST","Soil texture","medium soils",91,3,0.1118,0.1118,11.83,0.013,0.0863,0.1373,8.5897,0,192.6872,0,"Nested (Outliers Removed)"
"VC","Gbd","Soil bulk density","<1.35",137,6,0.1203,0.1203,12.78,0.0322,0.0572,0.1834,3.7362,2e-04,144.5883,0,"Nested (Outliers Removed)"
"VC","Gbd","Soil bulk density","≥ 1.35",5,1,0.121,0.121,12.86,0.0106,0.1002,0.1417,11.4293,0,144.5883,0,"Nested (Outliers Removed)"
"VC","GCLI","Climate zone","Arid",137,6,0.119,0.119,12.63,0.0104,0.0986,0.1394,11.4313,0,149.4996,0,"Nested (Outliers Removed)"
"VC","GCLI","Climate zone","Warm temperate",5,1,0.1407,0.1407,15.11,0.0324,0.0771,0.2043,4.3388,0,149.4996,0,"Nested (Outliers Removed)"
"VC","GSRain","Rainfall","≤200",79,6,0.121,0.121,12.86,0.0133,0.0949,0.1471,9.0761,0,82.4969,0,"Nested (Outliers Removed)"
"VC","GSRain","Rainfall","200–500",28,1,0.104,0.104,10.96,0.0187,0.0674,0.1406,5.5655,0,82.4969,0,"Nested (Outliers Removed)"
"VC","GN","Nitrogen","<100",48,2,0.1345,0.1345,14.39,0.0407,0.0548,0.2142,3.3068,9e-04,39.1275,0,"Nested (Outliers Removed)"
"VC","GN","Nitrogen","100–200",10,2,0.1033,0.1033,10.88,0.0298,0.0448,0.1618,3.4614,5e-04,39.1275,0,"Nested (Outliers Removed)"
"VC","GN","Nitrogen","200–300",42,1,0.1306,0.1306,13.95,0.0324,0.067,0.1941,4.0264,1e-04,39.1275,0,"Nested (Outliers Removed)"
